empresa,puntuacion_total,categoria,dimensiones,razonamiento_breve,patron_detectado,recomendacion
Mecanizados Industriales del Norte SL,13,Encaje claro,"{'encaje_icp': 3, 'madurez_problema': 3, 'capacidad_decision': 3, 'timing': 2, 'capacidad_presupuestaria': 2}","ICP perfecto: sector industrial B2B, tamaño ideal, ciclo consultivo. Madurez alta: diagnostican problema de método vs herramienta tras descartar soluciones tecnológicas. Director Comercial con 8 años en cargo tiene autoridad clara. Dolor articulado con síntomas concretos (saturación, pérdida de oportunidades).",sistema_comercial_roto,Diagnóstico como entry point. El reconocimiento explícito de fallo metodológico tras descartar herramientas justifica mapeo completo antes de intervención mayor.
Componentes Plásticos García SA,15,Encaje claro,"{'encaje_icp': 3, 'madurez_problema': 3, 'capacidad_decision': 3, 'timing': 3, 'capacidad_presupuestaria': 3}","ICP perfecto: industrial B2B, 120 empleados, 18M€, con equipo comercial existente. CEO decisor único que diagnostica el problema como sistémico (profesionalización sin perder cercanía), conoce RevOps, presupuesto disponible y urgencia clara Q1.",ideal_cliente,Avanzar a propuesta directa: Core o Transformación según alcance. La madurez del problema y disponibilidad presupuestaria justifican intervención profunda.
Talleres Hermanos Ruiz SL,2,No encaje,"{'encaje_icp': 0, 'madurez_problema': 0, 'capacidad_decision': 2, 'timing': 0, 'capacidad_presupuestaria': 0}",Empresa fuera de ICP por tamaño (18 empleados vs. 50-200 requeridos) y facturación (2.5M vs. 5-50M). El dolor declarado es puramente tecnológico ('necesito CRM') sin diagnóstico de problema sistémico subyacente.,fuera_icp_tamano,Descartar como cliente potencial actual. Empresa demasiado pequeña para el modelo de intervención consultiva de la boutique.
Soluciones Logísticas Mediterráneo,6,Encaje débil,"{'encaje_icp': 2, 'madurez_problema': 1, 'capacidad_decision': 0, 'timing': 1, 'capacidad_presupuestaria': 2}","Empresa encaja en ICP por tamaño y sector B2B, pero contacto equivocado sin autoridad comercial. Dolor identificado parece operativo, no sistémico-comercial. Falta seguimiento del Director Comercial tras derivación.",decisor_equivocado,Re-cualificar contacto. Insistir en conversación directa con Director Comercial o CEO para validar si existe problema comercial sistémico además del operativo.
Industrias Metálicas del Ebro,6,Encaje débil,"{'encaje_icp': 2, 'madurez_problema': 1, 'capacidad_decision': 0, 'timing': 1, 'capacidad_presupuestaria': 2}","Empresa encaja en ICP por sector industrial y tamaño, pero interlocutor es Marketing sin capacidad de decisión. Problema formulado como necesidad de captación digital, no reconocen problema de sistema comercial. Sin acceso a decisor real tras 6 semanas.",decisor_equivocado,Re-cualificar contacto. Solicitar conversación directa con CEO antes de invertir más esfuerzo comercial.
Servicios Profesionales Auditoría 360 SL,14,Encaje claro,"{'encaje_icp': 3, 'madurez_problema': 3, 'capacidad_decision': 3, 'timing': 3, 'capacidad_presupuestaria': 2}","Encaje ICP perfecto: sector servicios profesionales, tamaño ideal, CEO decisor que diagnostica el problema como sistémico y no tecnológico. Urgencia clara al reconocer pérdida de oportunidades. Capacidad presupuestaria adecuada dado el perfil y facturación.",sistema_comercial_roto,Diagnóstico como entry point. Articulación clara del problema sistémico y madurez del contacto justifican mapeo completo antes de intervención mayor.
Distribuciones Alimentarias Vega,5,Encaje débil,"{'encaje_icp': 2, 'madurez_problema': 0, 'capacidad_decision': 2, 'timing': 0, 'capacidad_presupuestaria': 1}","Encaje sectorial y organizacional correcto, pero dolor formulado como necesidad de herramienta tecnológica, no de método. Busca solución táctica con expectativa de ROI inmediato incompatible con modelo consultivo de diagnóstico previo.",dolor_generico_sin_diagnostico,Descartar como cliente potencial actual. El enfoque herramienta-primero y expectativa de ROI a 3 meses es incompatible con nuestro posicionamiento consultivo.
Climatización Industrial del Sur SL,9,Encaje parcial,"{'encaje_icp': 3, 'madurez_problema': 2, 'capacidad_decision': 1, 'timing': 1, 'capacidad_presupuestaria': 2}","Encaje ICP perfecto (industrial B2B, tamaño adecuado, ciclo consultivo). Problema reconocido por CEO pero Director Comercial sin autonomía ni diagnóstico profundo. Timing largo sin disparador urgente.",decisor_equivocado,Re-cualificar contacto. Solicitar reunión triangular con CEO presente antes de proponer Diagnóstico como entry point apropiado.
Maquinaria Agrícola Castilla,6,Encaje débil,"{'encaje_icp': 2, 'madurez_problema': 1, 'capacidad_decision': 2, 'timing': 1, 'capacidad_presupuestaria': 0}","Encaja en ICP por sector, tamaño y facturación, y contacto es decisor apropiado. Sin embargo, el dolor es de expansión internacional, no de optimización de sistema comercial doméstico existente. Fuera de nuestro sweet spot de intervención.",fuera_icp_sector,Descartar como cliente potencial actual. Derivar a consultora especializada en internacionalización comercial. El problema no encaja con nuestro expertise de sistema comercial doméstico.
Soluciones Energéticas Renovables BCN,9,Encaje parcial,"{'encaje_icp': 2, 'madurez_problema': 2, 'capacidad_decision': 2, 'timing': 2, 'capacidad_presupuestaria': 1}","Empresa algo pequeña (40 empleados, por debajo del rango ideal 50-200) pero en sector industrial B2B válido. Director Comercial con autonomía probable. Problema articulado (cualificación ineficiente) pero existe riesgo de solución alternativa fácil (contratar más comerciales). Presupuesto declarado pero no demostrado en consultoría previa.",buen_encaje_timing_largo,Diagnóstico como entry point para mapear el cuello de botella real en cualificación. Abordar el dilema contratar vs optimizar proceso antes de cualquier propuesta mayor.
Confecciones Textiles Levante SA,11,Encaje parcial,"{'encaje_icp': 3, 'madurez_problema': 3, 'capacidad_decision': 3, 'timing': 1, 'capacidad_presupuestaria': 1}","ICP perfecto: sector industrial B2B, tamaño óptimo, CEO decidiendo, problema sistémico articulado con claridad. Sin embargo, timing largo y probable resistencia cultural reducen urgencia y capacidad de inversión inmediata.",buen_encaje_timing_largo,Diagnóstico como entry point para generar urgencia interna. El desfase generacional requiere evidencia concreta antes de intervención mayor.
Logística y Transporte Pirineos,13,Encaje claro,"{'encaje_icp': 3, 'madurez_problema': 3, 'capacidad_decision': 3, 'timing': 2, 'capacidad_presupuestaria': 2}","ICP perfecto: sector industrial B2B, tamaño ideal, facturación robusta. Dolor sistémico articulado con precisión diagnóstica ('tenemos KPIs pero no sé interpretarlos'). Director Comercial accesible con mandato claro.",sistema_comercial_roto,Diagnóstico como entry point inmediato. El dolor analítico verbalizado encaja perfectamente con nuestra propuesta de auditoría inicial del sistema comercial.
Sistemas Hidráulicos Industriales SL,3,No encaje,"{'encaje_icp': 0, 'madurez_problema': 0, 'capacidad_decision': 2, 'timing': 0, 'capacidad_presupuestaria': 1}","Empresa fuera de ICP por tamaño (32 empleados vs 50-200 requerido) y facturación (4.5M vs 5-50M). Dolor genérico sin diagnóstico real del sistema comercial, motivado por moda tecnológica sin problema articulado.",decision_por_moda,Descartar como cliente potencial actual. La empresa no cumple criterios básicos de ICP y el dolor declarado carece de profundidad comercial.
Fabricación de Tornillería Especial,11,Encaje parcial,"{'encaje_icp': 3, 'madurez_problema': 2, 'capacidad_decision': 3, 'timing': 2, 'capacidad_presupuestaria': 1}","Encaje perfecto en ICP (industrial B2B, tamaño, contacto decisor con mandato). Sin embargo, el dolor expresado es genérico (eficiencia) y la consideración de externalizar el equipo comercial completo indica que pueden estar buscando una solución operativa (outsourcing) en lugar de transformación sistémica, lo cual no es nuestro servicio.",dolor_generico_sin_diagnostico,Diagnóstico para mapear si el problema es sistémico o de capacidad operativa. Clarificar antes de proponer si buscan rediseño o externalización.
Servicios Industriales Galicia SL,14,Encaje claro,"{'encaje_icp': 3, 'madurez_problema': 3, 'capacidad_decision': 3, 'timing': 2, 'capacidad_presupuestaria': 3}","ICP perfecto: sector industrial B2B, tamaño ideal, CEO decisor con diagnóstico articulado ('crecer por método no por inercia'). Patrón de sistema comercial que requiere profesionalización. Único punto débil: timing flexible sin disparador urgente inmediato.",sistema_comercial_roto,Diagnóstico como entry point. La madurez del problema y perfil decisor justifican mapeo completo antes de intervención mayor.
Embalajes y Packaging del Atlántico,6,Encaje débil,"{'encaje_icp': 2, 'madurez_problema': 0, 'capacidad_decision': 0, 'timing': 2, 'capacidad_presupuestaria': 2}","Empresa encaja en ICP (tamaño, sector industrial B2B, facturación), pero interlocutor es RRHH sin capacidad de decisión comercial. El dolor declarado es genérico y centrado en herramientas, no en diagnóstico de sistema. Timing moderado por contratación en curso.",decisor_equivocado,"Re-cualificar contacto. Insistir en conversación directa con Director Comercial antes de proponer producto. Sin ese acceso, descartar."
Maquinaria de Envasado Industrial,11,Encaje parcial,"{'encaje_icp': 3, 'madurez_problema': 3, 'capacidad_decision': 2, 'timing': 1, 'capacidad_presupuestaria': 2}","ICP ideal: sector industrial B2B, tamaño correcto, ciclo consultivo largo, problema sistémico articulado con claridad. Decisor apropiado pero timing comprometido por cambio de ERP en curso, lo que puede aplazar intervención 3-6 meses.",buen_encaje_timing_largo,Diagnóstico diferido a post-implementación ERP. Mantener conversación activa mensual para timing apropiado. El problema sistémico justifica intervención Core una vez estabilizado el cambio tecnológico.
Talleres Metalúrgicos San Roque,2,No encaje,"{'encaje_icp': 0, 'madurez_problema': 0, 'capacidad_decision': 1, 'timing': 0, 'capacidad_presupuestaria': 1}","Empresa fuera del ICP por tamaño (28 empleados vs. 50-200 requeridos) y facturación (3.5M vs. 5M-50M). Dolor genérico sin diagnóstico específico del sistema comercial, gerente operativo sin foco en venta consultiva.",fuera_icp_tamano,Descartar como cliente potencial actual. La empresa no cumple criterios mínimos de ICP y el problema articulado no conecta con nuestra oferta.
Software Industrial Específico SL,6,Encaje débil,"{'encaje_icp': 1, 'madurez_problema': 1, 'capacidad_decision': 2, 'timing': 0, 'capacidad_presupuestaria': 2}","Tamaño bajo el ICP (38 vs 50+ empleados) y conflicto de interés claro: venden software al mismo público que atendemos, potencial canibalización. Dolor genérico sin diagnóstico profundo.",conflicto_interes,Descartar como cliente potencial. El conflicto de interés estructural y el tamaño fuera de ICP hacen inviable la relación comercial.
Construcciones Industriales del Sureste,12,Encaje parcial,"{'encaje_icp': 3, 'madurez_problema': 2, 'capacidad_decision': 3, 'timing': 2, 'capacidad_presupuestaria': 2}","ICP ideal: B2B industrial, tamaño correcto, ciclo consultivo. Problema articulado con claridad (velocidad de respuesta comercial) y decisor pleno con CEO involucrado. Timing condicionado por cierre fiscal frena urgencia inmediata.",buen_encaje_timing_largo,Diagnóstico ahora para mapear el sistema. Propuesta de intervención Core para Q1 siguiente según hallazgos y ventana presupuestaria.
Automatización y Robótica Industrial,14,Encaje claro,"{'encaje_icp': 3, 'madurez_problema': 3, 'capacidad_decision': 3, 'timing': 2, 'capacidad_presupuestaria': 3}","ICP ideal: B2B industrial, tamaño y facturación correctos, ciclo consultivo declarado. CEO fundador con diagnóstico preciso del problema sistémico. Sin disparador urgente pero alta disposición.",sistema_comercial_roto,Diagnóstico como entry point. CEO técnico requiere mapeo estructurado del proceso antes de rediseño. Preparar escalado a Core tras validación inicial.
Distribución Repuestos Industriales SA,14,Encaje claro,"{'encaje_icp': 3, 'madurez_problema': 3, 'capacidad_decision': 3, 'timing': 2, 'capacidad_presupuestaria': 3}","ICP perfecto: B2B industrial, tamaño ideal, ciclo consultivo. Problema sistémico claramente articulado con datos concretos. Director Comercial es decisor natural. Facturación permite presupuesto holgado.",sistema_comercial_roto,Diagnóstico como entry point inmediato. El síntoma cuantificado y la disponibilidad de datos justifican mapeo completo del sistema comercial.
Ingeniería de Procesos Industriales,10,Encaje parcial,"{'encaje_icp': 3, 'madurez_problema': 1, 'capacidad_decision': 3, 'timing': 2, 'capacidad_presupuestaria': 1}","ICP perfecto (sector industrial, tamaño, CEO directa) pero dolor expresado de forma genérica sin diagnóstico concreto. Presión temporal puede llevar a expectativas de solución mágica incompatibles con metodología boutique.",dolor_generico_sin_diagnostico,Diagnóstico obligatorio como primer paso. Necesario mapear el sistema comercial actual antes de comprometer intervención específica ante expectativas de resultado acelerado.
Equipos de Frío Industrial Levante,8,Encaje débil,"{'encaje_icp': 1, 'madurez_problema': 2, 'capacidad_decision': 2, 'timing': 2, 'capacidad_presupuestaria': 1}",Empresa bajo el umbral de empleados (48 vs 50+) y con señales de ticket medio bajo que pueden limitar capacidad de inversión. El problema está reconocido pero aún difuso (equipo vs producto). Gerente Comercial con visión limitada necesita escalado a decisor final.,dolor_generico_sin_diagnostico,"Re-cualificar escalando a CEO o propietario. Si confirman presupuesto disponible, ofrecer Diagnóstico como punto de entrada para mapear origen del problema."
Productos de Higiene Profesional SL,14,Encaje claro,"{'encaje_icp': 3, 'madurez_problema': 3, 'capacidad_decision': 3, 'timing': 3, 'capacidad_presupuestaria': 2}","Encaje ICP perfecto: B2B industrial, tamaño y facturación dentro del rango, ciclo consultivo. Reconocimiento explícito de problema sistémico (rotación comercial recurrente), decisor pleno con mandato de solución, y urgencia clara al llevar solo 3 meses en el puesto.",sistema_comercial_roto,Diagnóstico como entry point inmediato. La rotación recurrente y pregunta directa por diagnóstico de raíz indican necesidad de mapeo sistémico previo a cualquier intervención.
Maquinaria de Construcción del Norte,8,Encaje débil,"{'encaje_icp': 2, 'madurez_problema': 1, 'capacidad_decision': 2, 'timing': 1, 'capacidad_presupuestaria': 2}","Encaja en ICP por sector, tamaño y facturación, pero el dolor declarado es estructural-organizativo, no de sistema comercial. El contacto es decisor pero el problema requiere clarificación de alcance antes de cualquier propuesta.",dolor_generico_sin_diagnostico,Re-cualificar problema mediante conversación diagnóstica profunda. Validar si existe componente comercial sistémico o es puramente reorganización de equipos.
Servicios Tecnológicos Industriales,9,Encaje parcial,"{'encaje_icp': 1, 'madurez_problema': 2, 'capacidad_decision': 3, 'timing': 1, 'capacidad_presupuestaria': 2}","Empresa fuera de ICP por tamaño (35 empleados vs 50-200), pero CEO accesible y problema típico bien articulado. Facturación en rango mínimo y capacidad presupuestaria limitada por escala.",fuera_icp_tamano,Diagnóstico como entry point. Empresa pequeña pero dolor claro; validar presupuesto disponible antes de proponer intervención mayor.
Acabados Superficiales del Mediterráneo,14,Encaje claro,"{'encaje_icp': 3, 'madurez_problema': 3, 'capacidad_decision': 3, 'timing': 2, 'capacidad_presupuestaria': 3}","ICP perfecto: industrial B2B, tamaño y facturación ideal, ciclo consultivo. Problema sistémico articulado con claridad: desfase metodológico ante profesionalización del comprador. Decisor pleno con CEO involucrado y presupuesto disponible.",sistema_comercial_roto,Proponer Diagnóstico seguido de Core o Transformación. La madurez del problema y señal de necesidad de acompañamiento largo sugieren Retainer post-proyecto.
Calderas y Quemadores Industriales,10,Encaje parcial,"{'encaje_icp': 3, 'madurez_problema': 3, 'capacidad_decision': 1, 'timing': 2, 'capacidad_presupuestaria': 1}","ICP perfecto: industrial B2B, tamaño ideal, ciclo consultivo. Diagnóstico del problema muy maduro (transición producto-solución). Limitación crítica: Director Comercial sin mandato CEO confirmado, capacidad de decisión comprometida. Presupuesto probable pero sin validar.",decisor_equivocado,Re-cualificar involucrando al CEO. El cambio estratégico declarado requiere validación de dirección general antes de proponer Diagnóstico o Quick Win.
Maquinaria Hortofrutícola SL,6,Encaje débil,"{'encaje_icp': 1, 'madurez_problema': 0, 'capacidad_decision': 2, 'timing': 0, 'capacidad_presupuestaria': 3}","Empresa fuera de ICP por tamaño (38 empleados, umbral 50). Dolor totalmente genérico sin diagnóstico articulado. Gerente con capacidad de decisión pero problema superficial. Facturación permite inversión pero sin claridad sobre qué resolver.",fuera_icp_tamano,Descartar como cliente potencial actual. Empresa bajo umbral ICP y dolor no articulado impiden intervención efectiva en este momento.
Soluciones de Embalaje Sostenible,8,Encaje débil,"{'encaje_icp': 1, 'madurez_problema': 2, 'capacidad_decision': 3, 'timing': 1, 'capacidad_presupuestaria': 1}","Empresa fuera de ICP por tamaño (28 empleados vs 50-200) y facturación (4M vs 5-50M). Dolor articulado correctamente, decisor pleno, pero sin urgencia clara ni capacidad presupuestaria para productos de ticket medio-alto.",fuera_icp_tamano,Diagnóstico como único producto viable dado el tamaño. Considerar descarte si no hay presupuesto mínimo o re-cualificar en 12 meses cuando crucen umbral ICP.
Equipamientos Hosteleros Industriales,11,Encaje parcial,"{'encaje_icp': 3, 'madurez_problema': 2, 'capacidad_decision': 2, 'timing': 2, 'capacidad_presupuestaria': 2}","Encaje ICP perfecto: sector industrial B2B, tamaño apropiado, ciclo consultivo. Problema articulado pero táctico (trade-up) sin diagnóstico sistémico profundo. Director Comercial con CEO involucrado sugiere capacidad de decisión real pero requiere validación conjunta.",buen_encaje_timing_largo,Diagnóstico como primer paso. Problema de trade-up puede ser síntoma de sistema más profundo que requiere mapeo completo antes de intervenir.
Componentes Eléctricos Industriales SA,14,Encaje claro,"{'encaje_icp': 3, 'madurez_problema': 3, 'capacidad_decision': 3, 'timing': 2, 'capacidad_presupuestaria': 3}","ICP perfecto: B2B industrial, 180 empleados, 26M€ facturación. CEO articula problema sistémico reconociendo rezago comercial tras digitalización. Decisor pleno con capacidad presupuestaria clara.",sistema_comercial_roto,Diagnóstico como entry point inmediato. La brecha entre digitalización corporativa y área comercial señala problema sistémico que requiere mapeo completo antes de intervención mayor.
Pinturas Industriales y Recubrimientos,6,Encaje débil,"{'encaje_icp': 1, 'madurez_problema': 1, 'capacidad_decision': 2, 'timing': 1, 'capacidad_presupuestaria': 1}","Empresa por debajo del umbral ICP (42 empleados, 7M€). Gerente con sesgo de confirmación y resistencia al diagnóstico real. Tensión relacional que compromete viabilidad de intervención consultiva.",fuera_icp_tamano,Descartar como cliente potencial. Tamaño insuficiente y resistencia al diagnóstico hacen inviable cualquier intervención de metodología consultiva.
Metalúrgica Especial del Cantábrico,14,Encaje claro,"{'encaje_icp': 3, 'madurez_problema': 3, 'capacidad_decision': 3, 'timing': 3, 'capacidad_presupuestaria': 2}","ICP perfecto: industrial B2B, tamaño ideal, ciclo consultivo, decisora plena. Problema articulado con precisión: presión competitiva aguda y necesidad de vender valor versus precio. Disparador claro y CEO alineado.",sistema_comercial_roto,Diagnóstico como entry point inmediato. La presión competitiva y el reconocimiento explícito del problema justifican mapeo completo antes de intervención mayor.
Sistemas de Pesaje Industrial SL,4,No encaje,"{'encaje_icp': 0, 'madurez_problema': 1, 'capacidad_decision': 2, 'timing': 0, 'capacidad_presupuestaria': 1}","Empresa fuera de ICP por tamaño (22 empleados vs mínimo 50). Dolor genérico de marketing, no de sistema comercial. Director Comercial identificado pero problema mal diagnosticado.",fuera_icp_tamano,Descartar como cliente potencial. Derivar a agencia de demand generation especializada en captación B2B industrial.
Servicios de Calibración y Metrología,6,Encaje débil,"{'encaje_icp': 1, 'madurez_problema': 1, 'capacidad_decision': 3, 'timing': 0, 'capacidad_presupuestaria': 1}","Empresa fuera de ICP por tamaño (32 empleados, bajo umbral de 50) y facturación (4.5M€, bajo 5M€). CEO con capacidad de decisión pero problema reactivo post-contratación, sin diagnóstico sistémico previo. Timing inadecuado para consultoría estratégica.",fuera_icp_tamano,Formación específica para el comercial nuevo. Empresa demasiado pequeña para proyectos consultivos pero el momento justifica capacitación puntual.
Soluciones de Iluminación Profesional,14,Encaje claro,"{'encaje_icp': 3, 'madurez_problema': 3, 'capacidad_decision': 3, 'timing': 2, 'capacidad_presupuestaria': 3}","ICP ideal: B2B industrial, tamaño correcto, facturación adecuada. Diagnóstico autopropuesto con la frase exacta 'algo falla en el sistema'. Director Comercial con mandato claro. Empresa con margen suficiente para inversión consultiva.",sistema_comercial_roto,Diagnóstico como entry point. El patrón sistémico requiere mapear el problema completo antes de cualquier intervención mayor.
Soldadura y Procesos Industriales,4,No encaje,"{'encaje_icp': 2, 'madurez_problema': 0, 'capacidad_decision': 1, 'timing': 0, 'capacidad_presupuestaria': 1}","Encaje sectorial y tamaño correctos, pero dolor completamente genérico sin diagnóstico propio. Gerente operativo sin capacidad de decisión clara sobre inversión en consultoría comercial.",dolor_generico_sin_diagnostico,"Descartar como cliente potencial actual. Sin problema articulado ni decisor adecuado, no procede inversión comercial adicional."
Reciclaje y Economía Circular Industrial,14,Encaje claro,"{'encaje_icp': 3, 'madurez_problema': 3, 'capacidad_decision': 3, 'timing': 3, 'capacidad_presupuestaria': 2}","ICP perfecto: B2B industrial, tamaño ideal, ciclo consultivo. Problema estratégico articulado con claridad: reposicionamiento de coste a valor. Directora Comercial con mandato ejecutivo. Disparador claro: transformación regulatoria del sector. Presupuesto probable para proyecto medio.",sistema_comercial_roto,"Diagnóstico como entry point. El cambio de posicionamiento requiere mapear argumentario, perfiles comerciales y estructura de oferta antes de intervención mayor."
Distribución Industrial del Levante,14,Encaje claro,"{'encaje_icp': 3, 'madurez_problema': 3, 'capacidad_decision': 3, 'timing': 2, 'capacidad_presupuestaria': 3}","ICP perfecto: B2B industrial, tamaño ideal, CEO directo. Dolor articulado con síntoma sistémico claro (heterogeneidad inexplicable en equipo comercial). Decisor pleno con capacidad presupuestaria evidente por facturación. Único punto débil: sin urgencia explícita declarada.",sistema_comercial_roto,Diagnóstico como primer paso. La heterogeneidad inexplicable en resultados requiere mapeo completo del sistema antes de intervención mayor.
Maquinaria de Lavandería Industrial,2,No encaje,"{'encaje_icp': 0, 'madurez_problema': 0, 'capacidad_decision': 1, 'timing': 0, 'capacidad_presupuestaria': 1}","Empresa fuera de ICP por tamaño (30 empleados, objetivo 50-200) y facturación (4.5M, objetivo 5M+). No hay problema articulado, solo presión externa genérica por tendencia tecnológica sin diagnóstico real.",decision_por_moda,Descartar como cliente potencial actual. No hay dolor genuino ni encaje dimensional con ICP de la boutique.
Servicios Industriales del Sur SL,8,Encaje débil,"{'encaje_icp': 1, 'madurez_problema': 2, 'capacidad_decision': 2, 'timing': 2, 'capacidad_presupuestaria': 1}","Empresa bajo umbral ICP (45 empleados vs 50+ requeridos, 7M€ vs 5M€ mínimo). Problema reconocido con disparador claro (Director Comercial nuevo, presión competitiva). Sin embargo, tamaño limita capacidad presupuestaria y complejidad del sistema comercial.",fuera_icp_tamano,Diagnóstico como único entry point viable dado el tamaño. Evaluar si estructura comercial justifica intervención o descartar si equipo menor a 3 personas.
Productos Químicos Industriales del Norte,14,Encaje claro,"{'encaje_icp': 3, 'madurez_problema': 3, 'capacidad_decision': 3, 'timing': 2, 'capacidad_presupuestaria': 3}","ICP perfecto: B2B industrial, tamaño ideal, CEO decisor con diagnóstico claro del problema sistémico. Reconoce que es transformación cultural, no herramienta. Único punto débil es timing largo.",sistema_comercial_roto,"Diagnóstico como entry point. El patrón sistémico y la madurez del problema requieren mapear antes de intervención mayor, aunque el perfil justifica Core o Transformación posteriormente."
Soluciones de Automatización Logística,14,Encaje claro,"{'encaje_icp': 3, 'madurez_problema': 3, 'capacidad_decision': 3, 'timing': 2, 'capacidad_presupuestaria': 3}","ICP perfecto: B2B industrial, tamaño ideal, ciclo consultivo confirmado, tickets altos. Problema sistémico articulado con claridad: ciclo largo y pérdida de operaciones indica fallo metodológico. Director Comercial decisor con acceso a CEO.",sistema_comercial_roto,Diagnóstico como entry point. El patrón sistémico requiere mapear el problema completo antes de cualquier intervención mayor.
Empresa de Servicios Energéticos,10,Encaje parcial,"{'encaje_icp': 2, 'madurez_problema': 3, 'capacidad_decision': 2, 'timing': 2, 'capacidad_presupuestaria': 1}","Problema sistémico bien articulado (falta método consultivo, competencia por precio) y decisor adecuado, pero empresa está bajo el umbral de tamaño ICP (38 vs 50+ empleados) y facturación límite inferior (6M). Capacidad presupuestaria probable limitada dado tamaño.",fuera_icp_tamano,Diagnóstico como única entrada viable. Tamaño fuera de ICP estándar requiere validar capacidad económica antes de proponer intervención mayor.
Máquinas Herramienta de Precisión,10,Encaje parcial,"{'encaje_icp': 3, 'madurez_problema': 1, 'capacidad_decision': 3, 'timing': 1, 'capacidad_presupuestaria': 2}","Encaje ICP perfecto: sector industrial B2B, tamaño ideal, CEO decisor. Sin embargo, el dolor declarado es superficial y desplazado al marketing, sin reconocimiento del problema sistémico comercial. Falta urgencia temporal clara.",dolor_generico_sin_diagnostico,Diagnóstico como primer paso obligatorio. El síntoma marketing-ventas requiere mapear el sistema completo antes de cualquier intervención.
Componentes para Energías Renovables,14,Encaje claro,"{'encaje_icp': 3, 'madurez_problema': 3, 'capacidad_decision': 3, 'timing': 3, 'capacidad_presupuestaria': 2}","ICP perfecto: industrial B2B, tamaño ideal, ciclo consultivo. Dolor articulado con diagnóstico ('por qué no capturamos crecimiento'), decisor con mandato claro del CEO, disparador fuerte (presión competitiva aguda). Presupuesto disponible confirmado.",sistema_comercial_roto,Diagnóstico como entry point inmediato. El patrón sistémico y la urgencia del CEO justifican mapeo completo antes de intervención mayor.
Industria Cárnica del Centro SL,14,Encaje claro,"{'encaje_icp': 3, 'madurez_problema': 3, 'capacidad_decision': 3, 'timing': 2, 'capacidad_presupuestaria': 3}","Encaje ICP perfecto: industrial B2B, 140 empleados, 21M€ facturación. Problema sistémico bien articulado (pérdida de cuentas sin diagnóstico claro). Director Comercial es decisor pleno en empresa del tamaño adecuado. Capacidad presupuestaria clara por volumen de negocio.",sistema_comercial_roto,Diagnóstico como entry point inmediato. El dolor sistémico requiere mapeo completo antes de intervención mayor.
Soluciones de Climatización Profesional,11,Encaje parcial,"{'encaje_icp': 3, 'madurez_problema': 2, 'capacidad_decision': 2, 'timing': 2, 'capacidad_presupuestaria': 2}","ICP perfecto: sector industrial B2B, tamaño ideal, facturación adecuada. Gerente nueva reconoce necesidad de diagnóstico externo objetivo pero aún no articula problema específico del sistema comercial. Decisora con autoridad probable pero con solo 2 meses en el puesto.",buen_encaje_timing_largo,"Diagnóstico como entrada natural. Gerente nueva necesita mapear situación antes de cualquier intervención, timing alineado con su onboarding."
